<?xml version="1.0"?><data>	<category id="1" name="Entertainment">		<category id="2" name="UK">			<channel id="14" name="BBC One" />			<channel id="25" name="BBC Two" />			<channel id="113" name="CBBC/BBC Three" />			<channel id="103" name="CBEEBIES/BBC Four" />			<channel id="11" name="ITV1" />			<channel id="67" name="ITV2" />			<channel id="26" name="ITV3" />			<channel id="101" name="ITV4" />			<channel id="65" name="E4" />			<channel id="2" name="Channel 4" />			<channel id="97" name="More4" />			<channel id="22" name="Channel 5" />			<channel id="857" name="Channel5+1" />			<channel id="845" name="5USA" />			<channel id="848" name="5USA+1" />			<channel id="851" name="5*" />			<channel id="854" name="5*+1" />			<channel id="370" name="Dave" />			<channel id="371" name="Pick TV" />			<channel id="372" name="Really" />			<channel id="8" name="Viva" />			<channel id="836" name="horror channel" />		</category>		<category id="3" name="USA">			<channel id="124" name="ABC 7 NY" />			<channel id="884" name="ABC CH" />			<channel id="940" name="ABC Dallas" />			<channel id="196" name="CBS NY" />			<channel id="875" name="CBS CH" />			<channel id="943" name="CBS Dallas" />			<channel id="5" name="CBS Miami" />			<channel id="154" name="NBC NY" />			<channel id="878" name="NBC CH" />			<channel id="937" name="NBC Dallas" />			<channel id="136" name="FOX NY" />			<channel id="881" name="FOX CH" />			<channel id="209" name="WPIX" />			<channel id="181" name="KTLA" />			<channel id="200" name="KDOC DT" />			<channel id="782" name="BUZZ TV" />			<channel id="796" name="Ginx" />			<channel id="700" name="INSP" />			<channel id="833" name="DAYSTAR" />			<channel id="372" name="Really" />			<channel id="21" name="Fashion TV" />			<channel id="383" name="Veg TV" />			<channel id="716" name="Popcorn TV" />			<channel id="344" name="ComedyTime TV" />			<channel id="773" name="YouToo" />		</category>	</category>	<category id="4" name="News">		<channel id="464" name="MHz Worldview" />		<channel id="932" name="Asian Arirang TV" />		<channel id="27" name="BBC News HQ" />		<channel id="298" name="France24 HQ" />		<channel id="81" name="Bloomberg HQ" />		<channel id="93" name="Russia Today HQ" />		<channel id="4" name="Al Jazeera HQ" />	</category>	<category id="5" name="Sport">		<channel id="79" name="Dubai Sports" />		<channel id="262" name="Motorz" />		<channel id="436" name="Untamed Sports" />		<channel id="326" name="X-Treme Sports" />		<channel id="340" name="Legacy TV" />		<channel id="410" name="FITNESS LIFESTYLE TV" />		<channel id="694" name="HRTV" />	</category>	<category id="6" name="Kids">		<channel id="799" name="Animal Atlas" />		<channel id="153" name="Qubo" />		<channel id="863" name="KIDS" />		<channel id="793" name="Kartoon Klassics" />		<channel id="719" name="Emba Kids" />		<channel id="131" name="KPBS" />	</category>	<category id="7" name="Science and Nature">		<channel id="842" name="Travel Channel+1" />	</category>	<category id="8" name="Movies">		<channel id="13" name="Film 4" />		<channel id="500" name="Action Cinema" />		<channel id="384" name="The Western Channel" />		<channel id="382" name="Sci-Fi Telly" />		<channel id="393" name="American Horrors" />		<channel id="411" name="Hollywoodland Channel" />	</category>	<category id="9" name="Music">		<channel id="95" name="4 Music" />		<channel id="691" name="Clubbing TV" />		<channel id="342" name="The Country Network" />		<channel id="530" name="FilmOn Jazz and Blues" />		<channel id="536" name="ADULT ALTERNATIVE" />		<channel id="539" name="CLASSIC MASTERS" />		<channel id="542" name="CLASSIC ROCK" />		<channel id="545" name="COUNTRY CLASSICS" />		<channel id="548" name="EASY LISTENING" />		<channel id="551" name="FLASHBACK 70S" />		<channel id="554" name="FOLK ROOTS" />		<channel id="557" name="HIT LIST" />		<channel id="560" name="HOT COUNTRY" />		<channel id="563" name="JAMMIN" />		<channel id="566" name="JAZZ MASTERS" />		<channel id="569" name="JUKEBOX OLDIES" />		<channel id="572" name="KIDS STUFF" />		<channel id="575" name="LATINO TROPICAL" />		<channel id="578" name="POP ADULT" />		<channel id="581" name="POP CLASSICS" />		<channel id="584" name="EVERYTHING 80S" />		<channel id="587" name="ROCK" />		<channel id="590" name="ROCK ALTERNATIVE" />		<channel id="593" name="SMOOTH JAZZ" />		<channel id="596" name="SOUL STORM" />		<channel id="599" name="STANDARDS" />		<channel id="602" name="THE BLUES" />		<channel id="605" name="THE LIGHT" />		<channel id="608" name="URBAN BEATS" />		<channel id="611" name="NOTHIN' BUT 90'S" />		<channel id="614" name="MAXIMUM PARTY" />		<channel id="617" name="DANCE CLUBBN'" />		<channel id="620" name="BLUEGRASS" />		<channel id="623" name="BIG BAND" />		<channel id="626" name="JAZZ NOW" />		<channel id="629" name="THE CHILL LOUNGE" />		<channel id="632" name="THE SPA" />		<channel id="635" name="BAROQUE" />		<channel id="638" name="OPERA PLUS" />		<channel id="641" name="CHAMBER MUSIC" />		<channel id="644" name="TODAY'S LATIN POP" />		<channel id="647" name="RETRO R and B " />		<channel id="650" name="NO FENCES" />		<channel id="653" name="DANCE CLASSICS" />		<channel id="656" name="HOLIDAY HITS" />		<channel id="659" name="HARD ROCK" />		<channel id="662" name="ALT ROCK CLASSICS" />		<channel id="665" name="ROCK ALT-COUNTRY AMERICANA" />		<channel id="668" name="GOSPEL" />		<channel id="671" name="CELTIC" />		<channel id="674" name="RETRO LATINO" />		<channel id="677" name="LATINO URBANA" />		<channel id="680" name="LATINO TEJANO" />		<channel id="683" name="REGIONAL MEXICAN" />	</category>	<category id="10" name="World">		<category id="11" name="Arabic">			<channel id="908" name="iFilm" />			<channel id="367" name="MBC" />			<channel id="368" name="MBC2" />			<channel id="369" name="MBC Action" />		</category>		<category id="12" name="France">			<channel id="363" name="CANAL+" />			<channel id="517" name="TV5MONDE EUROPE" />		</category>		<category id="13" name="Germany">			<channel id="1030" name="AVOX" />			<channel id="360" name="ZDFneo (s1)" />			<channel id="418" name="Eins Plus (s2)" />			<channel id="415" name="Eins Extra" />			<channel id="421" name="Eins Festival" />			<channel id="706" name="Sonnenklar TV" />			<channel id="359" name="zdf.kultur" />			<channel id="424" name="Phoenix" />		</category>		<category id="14" name="Italy">			<channel id="375" name="Rai 1" />			<channel id="376" name="Rai 2" />			<channel id="377" name="Rai 3" />			<channel id="442" name="Canale Italia 84" />			<channel id="445" name="Canale Italia 83" />		</category>		<category id="15" name="Spain and Argentina">			<channel id="23" name="RTVE" />			<channel id="827" name="WNJU NY" />			<channel id="526" name="Andalucia TV" />			<channel id="529" name="TELEMADRID" />			<channel id="299" name="RT Espanol" />			<channel id="213" name="TVC Latino" />			<channel id="303" name="RTPi America" />		</category>	</category></data>