<?xml version="1.0"?><data>	<category id="1" name="Entertainment" background="http://www.rovicorp.com/webdocuments/Header/rovi_entertainment_store.jpg" >		<category id="20" name="Idan+" background="http://ftp5.bizportal.co.il/web/giflib/news/idan_plus_gay.jpg">			<channel id="mms://s3iwm.castup.net/990310010-52.wmv" name="Channel 1" referrerCh="0" iconimage="http://img.mako.co.il/2008/05/01/01/first_channel_logo_b.jpg" />			<channel id="rtmp://sv8fl.castup.net:1935/996180004-123.flv/_definst_" name="Channel 2 s1" referrerCh="0" iconimage="http://www.themarker.com/polopoly_fs/1.593973.1297938795!/image/4142077372.jpg_gen/derivatives/landscape_468/4142077372.jpg" />			<channel id="rtsp://s3gfl.castup.net/993850038-123.flv/_definst_" name="Channel 2 s2" referrerCh="0" iconimage="http://www.themarker.com/polopoly_fs/1.593973.1297938795!/image/4142077372.jpg_gen/derivatives/landscape_468/4142077372.jpg" />			<channel id="rtmp://s3yfl.castup.net:1935/993860016-123.flv/_definst_/_definst_" name="Channel 10" referrerCh="0" iconimage="http://www.pc.co.il/wp-content/uploads/2011/05/10-channel_logo_test3001.jpg" />			<channel id="rtmp://s5-s.nsacdn.com:1935/sport5_Live3Repeat/Live3_3 swfUrl=http://playern.sport5.co.il/Plugins/RTMPPlugin.swf" name="Sport 5 Israel" referrerCh="0" iconimage="http://ispot.co.il/admin/uploads/hi-256-0-ecef9488bc70a07b51a7502505fc76f89446174f.131425464470.png" />			<channel id="mms://82.166.49.45/liveishjklwo" name="Channel 9 - Israel plus" referrerCh="0" iconimage="http://www.zman.com/images/logochannel9430.jpg" />			<channel id="http://switch3.castup.net/cunet/gm.asp?ClipMediaID=35541" name="Shop Channel 21" referrerCh="0" iconimage="http://www.dizengof-center.co.il/manage-pages/uploaded-files/logo%20arutz%20hakniot-01.JPG" />			<channel id="mms://s3ewm.castup.net/995940001-52.wmv" name="Channel 23" referrerCh="0" iconimage="http://www.vsd.co.il/Files/logo.jpg" />			<channel id="rtmp://s3ifl.castup.net:1935/993850044-123.flv/_definst_/_definst_" name="Channel 24" referrerCh="0" iconimage="http://www.nrg.co.il/images/archive/300x225/859/687.jpg" />			<channel id="http://www.knesset.gov.il/broadcast/live.asx" name="knesset channel" referrerCh="0" iconimage="http://www.aisrael.org/_uploads/extraimg/000000000(2)(1).jpg" />			<channel id="mms://vod.kab.tv/heb" name="Channel 66 Kabbalah Tv" referrerCh="0" iconimage="http://upload.wikimedia.org/wikipedia/he/thumb/4/47/Logo_for_banber.jpg/220px-Logo_for_banber.jpg" />			<channel id="http://liveedge.it.best-tv.com:1935/besttv14/hidabroot_stream01/playlist.m3u8" name="Hidabroot Channel" referrerCh="0" iconimage="http://www.tvland.co.il/Pics/hidabrutbig.jpg" />			<channel id="rtsp://sv5fl.castup.net:1935/993850033-123.flv/_definst_?ct=IL*rg=NV*aid=385*tkn=20120710030304*ts=0*cu=A4379B77-81CA-4FF6-965B-F9EEFF5C6E09" name="BIP" referrerCh="0" iconimage="http://www.telavivcity.com/allsites/allpic/a/A395/A395pic421.jpg" />			<!--<channel id="http://switch248-01.castup.net/cunet/gm.asp?ai=248*ar=MakoTV_Ashcenazi" name="What Are All These Nonsense with Adi Ashkenazi Channel" referrerCh="0" iconimage="http://img.mako.co.il/makolive/tv_adi_s.jpg" />-->			<channel id="rtmp://s3yfl.castup.net:1935/993850051-123.flv/_definst_/_definst_" name="Doco Channel" referrerCh="0" iconimage="" />			<!--<channel id="rtmp://s3yfl.castup.net:1935/993850055-123.flv/_definst_/_definst_" name="Master Chef" referrerCh="0" iconimage="http://thefoodblog.co.il/wp-content/uploads/2010/11/MasterChef_Lotgo_he2_c.jpg" />-->			<!--<channel id="rtmp://s3yfl.castup.net:1935/993850047-123.flv/_definst_/_definst_" name="Ramzor" referrerCh="0" iconimage="http://www.tvland.co.il/Pics/ramzorbig.jpg" />-->			<channel id="rtmp://s3yfl.castup.net:1935/993850048-123.flv/_definst_/_definst_" name="Yeladim VOD" referrerCh="0" iconimage="" />			<!--<channel id="rtmp://s3yfl.castup.net:1935/993850050-123.flv/_definst_/_definst_" name="eretz nehederet" referrerCh="0" iconimage="http://www.140.co.il/blog/wp-content/uploads/2010/01/nehederet.png" />-->			<!--<channel id="rtsp://s3yfl.castup.net:1935/993850054-123.flv/_definst_" name="burn star the best" referrerCh="0" iconimage="http://blog.tapuz.co.il/htc/images/%7BDD57B22A-7C9F-42F2-A6C0-D6CAC61CDC60%7D.jpg" />-->			<!--<channel id="rtsp://s3yfl.castup.net:1935/993850056-123.flv/_definst_" name="big bro the best" referrerCh="0" iconimage="http://www.isramedia.net/images/categorypic/bigbrotherlarge.jpg" />-->			<channel id="rtmp://s3yfl.castup.net:1935/993850065-123.flv/_definst_/_definst_" name="sport5.co.il" referrerCh="0" iconimage="http://ftp5.bizportal.co.il/web/giflib/news/Sport5coil.jpg" />			<channel id="rtmp://s3yfl.castup.net:1935/993850053-123.flv/_definst_/_definst_" name="Clipim 24/7" referrerCh="0" iconimage="" />			<channel id="rtmp://s3ifl.castup.net:1935/993850063-123.flv/_definst_/_definst_" name="Channel 2 internet NEWS" referrerCh="0" iconimage="http://www.tvland.co.il/Pics/news2big.jpg" />		</category>		<category id="2" name="UK" background="http://www.rovicorp.com/webdocuments/Header/rovi_entertainment_store.jpg">			<channel id="14" name="BBC One" />			<channel id="25" name="BBC Two" />			<channel id="113" name="CBBC/BBC Three" />			<channel id="103" name="CBEEBIES/BBC Four" />			<channel id="1663" name="BBC HD" />			<channel id="1666" name="BBC Parliament" />			<channel id="361" name="BBC 1 North Ireland" />			<channel id="11" name="ITV1" />			<channel id="67" name="ITV2" />			<!--<channel id="67" name="ITV2" referrerCh="11" />-->			<channel id="26" name="ITV3" />			<!--<channel id="26" name="ITV3" referrerCh="11" />-->			<channel id="101" name="ITV4" />			<!--<channel id="101" name="ITV4" referrerCh="11" />-->			<channel id="65" name="E4" />			<!--<channel id="65" name="E4" referrerCh="361" />-->			<channel id="2" name="Channel 4" />			<channel id="97" name="More4" />			<!--<channel id="97" name="More4" referrerCh="361" />-->			<channel id="22" name="Channel 5" />			<channel id="857" name="Channel5+1" referrerCh="367" />			<channel id="845" name="5USA" />			<!--<channel id="845" name="5USA" referrerCh="23" />-->			<!--<channel id="848" name="5USA+1" referrerCh="23" />-->			<!--<channel id="851" name="5*" referrerCh="23" />-->			<!--<channel id="854" name="5*+1" referrerCh="23" />-->			<!--<channel id="370" name="Dave" referrerCh="367" />-->			<channel id="371" name="Pick TV" referrerCh="367" />			<!--<channel id="372" name="Really" referrerCh="367" />-->			<!--<channel id="8" name="Viva" referrerCh="367" />-->			<channel id="836" name="horror channel" />		</category>		<category id="3" name="USA" background="http://www.rovicorp.com/webdocuments/Header/rovi_entertainment_store.jpg">			<channel id="124" name="ABC 7 NY" />			<channel id="884" name="ABC CH" />			<channel id="940" name="ABC Dallas" />			<channel id="989" name="ABC Miami" />			<channel id="998" name="ABC Washington" />			<channel id="1591" name="ABC Denver" />			<channel id="196" name="CBS NY" />			<channel id="875" name="CBS CH" />			<channel id="943" name="CBS Dallas" />			<channel id="5" name="CBS Miami" />			<channel id="1004" name="CBS Washington" />			<channel id="1597" name="CBS Denver" />			<channel id="154" name="NBC NY" />			<channel id="878" name="NBC CH" />			<channel id="937" name="NBC Dallas" />			<channel id="986" name="NBC Miami" />			<channel id="997" name="NBC Washington" />			<channel id="1594" name="NBC Denver" />			<channel id="136" name="FOX NY" />			<channel id="881" name="FOX CH" />			<channel id="934" name="Fox Dallas" />			<channel id="1001" name="FOX Washington" />			<channel id="209" name="WPIX" />			<channel id="181" name="KTLA" />			<channel id="200" name="KDOC DT" />			<channel id="782" name="BUZZ TV" />			<channel id="796" name="Ginx" />			<channel id="700" name="INSP" />			<channel id="833" name="DAYSTAR" />			<channel id="372" name="Really" />			<channel id="383" name="Veg TV" />			<channel id="716" name="Popcorn TV" />			<channel id="344" name="ComedyTime TV" />			<channel id="773" name="YouToo" />		</category>		<channel id="1007" name="ABC Australia" />	</category>	<category id="4" name="News" background="http://www.realtrends.com/application/view/theme/default/docs/scroll/blog6.jpg">		<channel id="464" name="MHz Worldview" />		<channel id="932" name="Asian Arirang TV" />		<channel id="27" name="BBC News" />		<channel id="298" name="France24" />		<channel id="81" name="Bloomberg" />		<channel id="93" name="Russia Today" />		<channel id="4" name="Al Jazeera" />	</category>	<category id="5" name="Sport" background="http://www.thefarmlinks.com/wp-content/uploads/2012/04/Golf-Sport.jpg">		<channel id="79" name="Dubai Sports" />		<channel id="262" name="Motorz" />		<channel id="326" name="X-Treme Sports" />		<channel id="340" name="The Walk TV" />		<channel id="410" name="FITNESS LIFESTYLE TV" />		<channel id="694" name="HRTV" />	</category>	<category id="6" name="Kids" background="http://4hdwall.com/wp-content/uploads/2012/09/HD-cartoon-wallpaper.jpg">		<channel id="799" name="Animal Atlas" />		<channel id="153" name="Qubo" />		<channel id="863" name="KIDS" />		<channel id="793" name="Kartoon Klassics" />		<channel id="719" name="Emba Kids" />		<channel id="131" name="KPBS" />		<channel id="401" name="Smile of Child" />	</category>	<category id="7" name="Science and Nature" background="http://wallpapers.free-review.net/wallpapers/23/Nature_-_Wallpaper_for_Windows_7.jpg">		<channel id="842" name="Travel Channel+1" />	</category>	<category id="8" name="Movies" background="http://www.attractherdateher.com/wp-content/uploads/2012/08/movie_night.jpg">		<channel id="13" name="Film4" />		<!--<channel id="13" name="Film4" referrerCh="22" />-->		<channel id="500" name="Action Cinema" />		<channel id="384" name="The Western Channel" />		<channel id="382" name="Sci-Fi Telly" />		<channel id="393" name="American Horrors" />		<channel id="411" name="Hollywoodland Channel" />	</category>	<category id="9" name="Music" background="http://www.hdwallpapers.in/wallpapers/dance_with_me_hd_wide-1920x1200.jpg">		<category id="17" name="Music Live TV" background="http://www.hdwallpapers.in/wallpapers/dance_with_me_hd_wide-1920x1200.jpg">			<channel id="95" name="4 Music" />			<!--<channel id="95" name="4 Music" referrerCh="367" />-->			<channel id="691" name="Clubbing TV" />			<channel id="257" name="FilmOn Music Legends TV" />			<channel id="309" name="Classic Arts Showcase" />			<channel id="311" name="FilmOn Rock TV" />			<channel id="342" name="The Country Network" />			<channel id="347" name="Urban Music Network" />			<channel id="350" name="The Soundtrack Channel" />			<channel id="385" name="The Noise Network" />			<channel id="400" name="JCTV" />			<channel id="530" name="FilmOn Jazz and Blues" />			<channel id="1042" name="Vintage Music TV" />			<channel id="1317" name="KEXP Song of the Day" />			<channel id="1320" name="Q: The Podcast from CBC Radio" />			<channel id="1336" name="Irish and Celtic Music Podcast" />			<channel id="1337" name="Above and Beyond: Group Therapy" />		</category>		<category id="18" name="Music Radio" background="http://www.hdwallpapers.in/wallpapers/dance_with_me_hd_wide-1920x1200.jpg">			<channel id="1180" name="NPR: Car Talk Podcast" />			<channel id="1309" name="BBC Music Magazine" />			<channel id="1311" name="NPR: Live In Concert from NPR's All Songs Considered Podcast" />			<channel id="1312" name="KCRW's Today's Top Tune" />			<channel id="1315" name="remix.nin.com - Newest Mixes" />			<channel id="1316" name="Coverville" />			<channel id="1319" name="NPR: All Songs Considered Podcast" />			<channel id="1321" name="KEXP Live Performances Podcast" />			<channel id="1323" name="Classical Performance Podcast" />			<channel id="1327" name="Perfecto Podcast: featuring Paul Oakenfold" />			<channel id="1328" name="AMPed New Music Weekly" />			<channel id="1329" name="In the Groove, Jazz and Beyond" />			<channel id="1330" name="KEXP Presents Mind Over Matters Sustainability Segment" />			<channel id="1331" name="Endless Boundaries" />			<channel id="1332" name="Sound Opinions" />			<channel id="1333" name="Indie Disco" />			<channel id="1334" name="Bluegrass Highway" />			<channel id="1339" name="Scotland Introducing" />			<channel id="1340" name="The Deadpod" />			<channel id="1341" name="Music Popcast" />			<channel id="1342" name="KEXP Presents Music That Matters" />			<channel id="1343" name="The Watt From Pedro Show" />			<channel id="1345" name="House of Reggae" />			<channel id="1346" name="Song of the Day" />			<channel id="1347" name="Hype Machine Radio Show" />			<channel id="1348" name="Raven and Blues" />			<channel id="1349" name="Canada Live from CBC Radio 2" />			<channel id="1350" name="WNYC's Radiolab" />			<channel id="1351" name="Radio Africa Online Mixes" />			<channel id="1355" name="NPR: World Cafe Words and Music from WXPN Podcast" />			<channel id="1357" name="The FADER \u00bb PODCASTS" />			<channel id="1358" name="Sphere of Hip-Hop Podcast" />			<channel id="1360" name="The Dub Zone" />			<channel id="1363" name="This Ordinary Guy" />			<channel id="1365" name="Acoustic Long Island" />			<channel id="1366" name="Mark Rushton's Ambient and Electronic Music Podcast" />			<channel id="1368" name="DIY Musician Podcast" />			<channel id="1369" name="Reign Radio" />			<channel id="1370" name="FadeEm Mixtape Series(Free HipHop-Reggae-Dancehall-Soca-Reggaeton Mixes)" />			<channel id="1372" name="FVF RECORDS" />		</category>		<category id="16" name="Galaxie Radio Music" background="http://www.hdwallpapers.in/wallpapers/dance_with_me_hd_wide-1920x1200.jpg">			<channel id="536" name="ADULT ALTERNATIVE" />			<channel id="539" name="CLASSIC MASTERS" />			<channel id="542" name="CLASSIC ROCK" />			<channel id="545" name="COUNTRY CLASSICS" />			<channel id="548" name="EASY LISTENING" />			<channel id="551" name="FLASHBACK 70S" />			<channel id="554" name="FOLK ROOTS" />			<channel id="557" name="HIT LIST" />			<channel id="560" name="HOT COUNTRY" />			<channel id="563" name="JAMMIN" />			<channel id="566" name="JAZZ MASTERS" />			<channel id="569" name="JUKEBOX OLDIES" />			<channel id="572" name="KIDS STUFF" />			<channel id="575" name="LATINO TROPICAL" />			<channel id="578" name="POP ADULT" />			<channel id="581" name="POP CLASSICS" />			<channel id="584" name="EVERYTHING 80S" />			<channel id="587" name="ROCK" />			<channel id="590" name="ROCK ALTERNATIVE" />			<channel id="593" name="SMOOTH JAZZ" />			<channel id="596" name="SOUL STORM" />			<channel id="599" name="STANDARDS" />			<channel id="602" name="THE BLUES" />			<channel id="605" name="THE LIGHT" />			<channel id="608" name="URBAN BEATS" />			<channel id="611" name="NOTHIN' BUT 90'S" />			<channel id="614" name="MAXIMUM PARTY" />			<channel id="617" name="DANCE CLUBBN'" />			<channel id="620" name="BLUEGRASS" />			<channel id="623" name="BIG BAND" />			<channel id="626" name="JAZZ NOW" />			<channel id="629" name="THE CHILL LOUNGE" />			<channel id="632" name="THE SPA" />			<channel id="635" name="BAROQUE" />			<channel id="638" name="OPERA PLUS" />			<channel id="641" name="CHAMBER MUSIC" />			<channel id="644" name="TODAY'S LATIN POP" />			<channel id="647" name="RETRO R and B " />			<channel id="650" name="NO FENCES" />			<channel id="653" name="DANCE CLASSICS" />			<channel id="656" name="HOLIDAY HITS" />			<channel id="659" name="HARD ROCK" />			<channel id="662" name="ALT ROCK CLASSICS" />			<channel id="665" name="ROCK ALT-COUNTRY AMERICANA" />			<channel id="668" name="GOSPEL" />			<channel id="671" name="CELTIC" />			<channel id="674" name="RETRO LATINO" />			<channel id="677" name="LATINO URBANA" />			<channel id="680" name="LATINO TEJANO" />			<channel id="683" name="REGIONAL MEXICAN" />		</category>	</category>	<category id="19" name="Fashion">		<channel id="21" name="Fashion TV" />		<!--<channel id="1126" name="Put this on" />		<channel id="1129" name="Fashion network" />		<channel id="1132" name="Chanel Fashion" />		<channel id="1135" name="CHIC.TV Fashion" />		<channel id="1138" name="Global Fashion News" />		<channel id="1141" name="WORMLAND Men's Fashion Podcast" />		<channel id="1144" name="MODTV FASHION" />		<channel id="1240" name="tranquility du jour" />-->		<channel id="1627" name="FashionBox" />	</category>	<category id="10" name="World" background="http://www.icangiveyouhouse.com/audio/2010/09/world-in-black-and-white-hands-1.jpg">		<category id="11" name="Arabic" background="http://www.icangiveyouhouse.com/audio/2010/09/world-in-black-and-white-hands-1.jpg">			<channel id="366" name="Al Arabiya" />			<channel id="367" name="MBC" />			<channel id="368" name="MBC2" />			<channel id="369" name="MBC Action" />			<channel id="908" name="iFilm" />		</category>		<category id="12" name="France" background="http://www.icangiveyouhouse.com/audio/2010/09/world-in-black-and-white-hands-1.jpg">			<channel id="517" name="TV5MONDE EUROPE" />		</category>		<category id="13" name="Germany" background="http://www.icangiveyouhouse.com/audio/2010/09/world-in-black-and-white-hands-1.jpg">			<channel id="360" name="ZDFneo" />			<channel id="418" name="Eins Plus" />			<channel id="415" name="Eins Extra" />			<channel id="421" name="Eins Festival" />			<channel id="706" name="Sonnenklar TV" />			<channel id="359" name="zdf.kultur" />			<channel id="424" name="Phoenix" />		</category>		<category id="14" name="Italy" background="http://www.icangiveyouhouse.com/audio/2010/09/world-in-black-and-white-hands-1.jpg">			<!--<channel id="375" name="Rai 1" referrerCh="23" />-->			<!--<channel id="376" name="Rai 2" referrerCh="23" />-->			<!--<channel id="377" name="Rai 3" referrerCh="23" />-->			<channel id="442" name="Canale Italia 84" />			<channel id="445" name="Canale Italia" />			<channel id="448" name="BLU" referrerCh="445" />		</category>		<category id="15" name="Spain and Argentina" background="http://www.icangiveyouhouse.com/audio/2010/09/world-in-black-and-white-hands-1.jpg">			<channel id="23" name="RTVE" />			<channel id="827" name="WNJU NY" />			<channel id="526" name="Andalucia TV" />			<channel id="299" name="RT Espanol" />			<channel id="213" name="TVC Latino" />			<channel id="303" name="RTP international" />		</category>	</category></data>